Nacional;Comunidades y Ciudades Autónomas;Sexo;Edad;Total
Total Nacional;;Ambos sexos;Todas las edades;3.910
Total Nacional;;Ambos sexos;Menores de 15 años;10
Total Nacional;;Ambos sexos;De 15 a 29 años;319
Total Nacional;;Ambos sexos;De 30 a 39 años;504
Total Nacional;;Ambos sexos;De 40 a 44 años;386
Total Nacional;;Ambos sexos;De 45 a 49 años;457
Total Nacional;;Ambos sexos;De 50 a 54 años;438
Total Nacional;;Ambos sexos;De 55 a 59 años;313
Total Nacional;;Ambos sexos;De 60 a 64 años;268
Total Nacional;;Ambos sexos;De 65 a 69 años;256
Total Nacional;;Ambos sexos;De 70 a 74 años;215
Total Nacional;;Ambos sexos;De 75 a 79 años;246
Total Nacional;;Ambos sexos;De 80 a 84 años;232
Total Nacional;;Ambos sexos;De 85 a 89 años;189
Total Nacional;;Ambos sexos;De 90 a 94 años;69
Total Nacional;;Ambos sexos;De 95 años y más;8
Total Nacional;;Hombres;Todas las edades;2.938
Total Nacional;;Hombres;Menores de 15 años;4
Total Nacional;;Hombres;De 15 a 29 años;239
Total Nacional;;Hombres;De 30 a 39 años;375
Total Nacional;;Hombres;De 40 a 44 años;293
Total Nacional;;Hombres;De 45 a 49 años;337
Total Nacional;;Hombres;De 50 a 54 años;344
Total Nacional;;Hombres;De 55 a 59 años;236
Total Nacional;;Hombres;De 60 a 64 años;190
Total Nacional;;Hombres;De 65 a 69 años;175
Total Nacional;;Hombres;De 70 a 74 años;158
Total Nacional;;Hombres;De 75 a 79 años;194
Total Nacional;;Hombres;De 80 a 84 años;184
Total Nacional;;Hombres;De 85 a 89 años;152
Total Nacional;;Hombres;De 90 a 94 años;50
Total Nacional;;Hombres;De 95 años y más;7
Total Nacional;;Mujeres;Todas las edades;972
Total Nacional;;Mujeres;Menores de 15 años;6
Total Nacional;;Mujeres;De 15 a 29 años;80
Total Nacional;;Mujeres;De 30 a 39 años;129
Total Nacional;;Mujeres;De 40 a 44 años;93
Total Nacional;;Mujeres;De 45 a 49 años;120
Total Nacional;;Mujeres;De 50 a 54 años;94
Total Nacional;;Mujeres;De 55 a 59 años;77
Total Nacional;;Mujeres;De 60 a 64 años;78
Total Nacional;;Mujeres;De 65 a 69 años;81
Total Nacional;;Mujeres;De 70 a 74 años;57
Total Nacional;;Mujeres;De 75 a 79 años;52
Total Nacional;;Mujeres;De 80 a 84 años;48
Total Nacional;;Mujeres;De 85 a 89 años;37
Total Nacional;;Mujeres;De 90 a 94 años;19
Total Nacional;;Mujeres;De 95 años y más;1
Total Nacional;01 Andalucía;Ambos sexos;Todas las edades;784
Total Nacional;01 Andalucía;Ambos sexos;Menores de 15 años;2
Total Nacional;01 Andalucía;Ambos sexos;De 15 a 29 años;54
Total Nacional;01 Andalucía;Ambos sexos;De 30 a 39 años;89
Total Nacional;01 Andalucía;Ambos sexos;De 40 a 44 años;73
Total Nacional;01 Andalucía;Ambos sexos;De 45 a 49 años;92
Total Nacional;01 Andalucía;Ambos sexos;De 50 a 54 años;100
Total Nacional;01 Andalucía;Ambos sexos;De 55 a 59 años;77
Total Nacional;01 Andalucía;Ambos sexos;De 60 a 64 años;57
Total Nacional;01 Andalucía;Ambos sexos;De 65 a 69 años;46
Total Nacional;01 Andalucía;Ambos sexos;De 70 a 74 años;43
Total Nacional;01 Andalucía;Ambos sexos;De 75 a 79 años;53
Total Nacional;01 Andalucía;Ambos sexos;De 80 a 84 años;48
Total Nacional;01 Andalucía;Ambos sexos;De 85 a 89 años;38
Total Nacional;01 Andalucía;Ambos sexos;De 90 a 94 años;11
Total Nacional;01 Andalucía;Ambos sexos;De 95 años y más;1
Total Nacional;01 Andalucía;Hombres;Todas las edades;621
Total Nacional;01 Andalucía;Hombres;Menores de 15 años;1
Total Nacional;01 Andalucía;Hombres;De 15 a 29 años;44
Total Nacional;01 Andalucía;Hombres;De 30 a 39 años;73
Total Nacional;01 Andalucía;Hombres;De 40 a 44 años;57
Total Nacional;01 Andalucía;Hombres;De 45 a 49 años;65
Total Nacional;01 Andalucía;Hombres;De 50 a 54 años;82
Total Nacional;01 Andalucía;Hombres;De 55 a 59 años;64
Total Nacional;01 Andalucía;Hombres;De 60 a 64 años;42
Total Nacional;01 Andalucía;Hombres;De 65 a 69 años;31
Total Nacional;01 Andalucía;Hombres;De 70 a 74 años;31
Total Nacional;01 Andalucía;Hombres;De 75 a 79 años;48
Total Nacional;01 Andalucía;Hombres;De 80 a 84 años;39
Total Nacional;01 Andalucía;Hombres;De 85 a 89 años;33
Total Nacional;01 Andalucía;Hombres;De 90 a 94 años;10
Total Nacional;01 Andalucía;Hombres;De 95 años y más;1
Total Nacional;01 Andalucía;Mujeres;Todas las edades;163
Total Nacional;01 Andalucía;Mujeres;Menores de 15 años;1
Total Nacional;01 Andalucía;Mujeres;De 15 a 29 años;10
Total Nacional;01 Andalucía;Mujeres;De 30 a 39 años;16
Total Nacional;01 Andalucía;Mujeres;De 40 a 44 años;16
Total Nacional;01 Andalucía;Mujeres;De 45 a 49 años;27
Total Nacional;01 Andalucía;Mujeres;De 50 a 54 años;18
Total Nacional;01 Andalucía;Mujeres;De 55 a 59 años;13
Total Nacional;01 Andalucía;Mujeres;De 60 a 64 años;15
Total Nacional;01 Andalucía;Mujeres;De 65 a 69 años;15
Total Nacional;01 Andalucía;Mujeres;De 70 a 74 años;12
Total Nacional;01 Andalucía;Mujeres;De 75 a 79 años;5
Total Nacional;01 Andalucía;Mujeres;De 80 a 84 años;9
Total Nacional;01 Andalucía;Mujeres;De 85 a 89 años;5
Total Nacional;01 Andalucía;Mujeres;De 90 a 94 años;1
Total Nacional;01 Andalucía;Mujeres;De 95 años y más;0
Total Nacional;02 Aragón;Ambos sexos;Todas las edades;116
Total Nacional;02 Aragón;Ambos sexos;Menores de 15 años;0
Total Nacional;02 Aragón;Ambos sexos;De 15 a 29 años;10
Total Nacional;02 Aragón;Ambos sexos;De 30 a 39 años;14
Total Nacional;02 Aragón;Ambos sexos;De 40 a 44 años;11
Total Nacional;02 Aragón;Ambos sexos;De 45 a 49 años;11
Total Nacional;02 Aragón;Ambos sexos;De 50 a 54 años;13
Total Nacional;02 Aragón;Ambos sexos;De 55 a 59 años;6
Total Nacional;02 Aragón;Ambos sexos;De 60 a 64 años;7
Total Nacional;02 Aragón;Ambos sexos;De 65 a 69 años;5
Total Nacional;02 Aragón;Ambos sexos;De 70 a 74 años;10
Total Nacional;02 Aragón;Ambos sexos;De 75 a 79 años;13
Total Nacional;02 Aragón;Ambos sexos;De 80 a 84 años;9
Total Nacional;02 Aragón;Ambos sexos;De 85 a 89 años;5
Total Nacional;02 Aragón;Ambos sexos;De 90 a 94 años;1
Total Nacional;02 Aragón;Ambos sexos;De 95 años y más;1
Total Nacional;02 Aragón;Hombres;Todas las edades;91
Total Nacional;02 Aragón;Hombres;Menores de 15 años;0
Total Nacional;02 Aragón;Hombres;De 15 a 29 años;8
Total Nacional;02 Aragón;Hombres;De 30 a 39 años;10
Total Nacional;02 Aragón;Hombres;De 40 a 44 años;7
Total Nacional;02 Aragón;Hombres;De 45 a 49 años;9
Total Nacional;02 Aragón;Hombres;De 50 a 54 años;11
Total Nacional;02 Aragón;Hombres;De 55 a 59 años;2
Total Nacional;02 Aragón;Hombres;De 60 a 64 años;5
Total Nacional;02 Aragón;Hombres;De 65 a 69 años;3
Total Nacional;02 Aragón;Hombres;De 70 a 74 años;9
Total Nacional;02 Aragón;Hombres;De 75 a 79 años;11
Total Nacional;02 Aragón;Hombres;De 80 a 84 años;9
Total Nacional;02 Aragón;Hombres;De 85 a 89 años;5
Total Nacional;02 Aragón;Hombres;De 90 a 94 años;1
Total Nacional;02 Aragón;Hombres;De 95 años y más;1
Total Nacional;02 Aragón;Mujeres;Todas las edades;25
Total Nacional;02 Aragón;Mujeres;Menores de 15 años;0
Total Nacional;02 Aragón;Mujeres;De 15 a 29 años;2
Total Nacional;02 Aragón;Mujeres;De 30 a 39 años;4
Total Nacional;02 Aragón;Mujeres;De 40 a 44 años;4
Total Nacional;02 Aragón;Mujeres;De 45 a 49 años;2
Total Nacional;02 Aragón;Mujeres;De 50 a 54 años;2
Total Nacional;02 Aragón;Mujeres;De 55 a 59 años;4
Total Nacional;02 Aragón;Mujeres;De 60 a 64 años;2
Total Nacional;02 Aragón;Mujeres;De 65 a 69 años;2
Total Nacional;02 Aragón;Mujeres;De 70 a 74 años;1
Total Nacional;02 Aragón;Mujeres;De 75 a 79 años;2
Total Nacional;02 Aragón;Mujeres;De 80 a 84 años;0
Total Nacional;02 Aragón;Mujeres;De 85 a 89 años;0
Total Nacional;02 Aragón;Mujeres;De 90 a 94 años;0
Total Nacional;02 Aragón;Mujeres;De 95 años y más;0
Total Nacional;03 Asturias, Principado de;Ambos sexos;Todas las edades;149
Total Nacional;03 Asturias, Principado de;Ambos sexos;Menores de 15 años;0
Total Nacional;03 Asturias, Principado de;Ambos sexos;De 15 a 29 años;11
Total Nacional;03 Asturias, Principado de;Ambos sexos;De 30 a 39 años;20
Total Nacional;03 Asturias, Principado de;Ambos sexos;De 40 a 44 años;11
Total Nacional;03 Asturias, Principado de;Ambos sexos;De 45 a 49 años;8
Total Nacional;03 Asturias, Principado de;Ambos sexos;De 50 a 54 años;16
Total Nacional;03 Asturias, Principado de;Ambos sexos;De 55 a 59 años;14
Total Nacional;03 Asturias, Principado de;Ambos sexos;De 60 a 64 años;8
Total Nacional;03 Asturias, Principado de;Ambos sexos;De 65 a 69 años;9
Total Nacional;03 Asturias, Principado de;Ambos sexos;De 70 a 74 años;9
Total Nacional;03 Asturias, Principado de;Ambos sexos;De 75 a 79 años;11
Total Nacional;03 Asturias, Principado de;Ambos sexos;De 80 a 84 años;10
Total Nacional;03 Asturias, Principado de;Ambos sexos;De 85 a 89 años;15
Total Nacional;03 Asturias, Principado de;Ambos sexos;De 90 a 94 años;6
Total Nacional;03 Asturias, Principado de;Ambos sexos;De 95 años y más;1
Total Nacional;03 Asturias, Principado de;Hombres;Todas las edades;108
Total Nacional;03 Asturias, Principado de;Hombres;Menores de 15 años;0
Total Nacional;03 Asturias, Principado de;Hombres;De 15 a 29 años;8
Total Nacional;03 Asturias, Principado de;Hombres;De 30 a 39 años;11
Total Nacional;03 Asturias, Principado de;Hombres;De 40 a 44 años;8
Total Nacional;03 Asturias, Principado de;Hombres;De 45 a 49 años;8
Total Nacional;03 Asturias, Principado de;Hombres;De 50 a 54 años;14
Total Nacional;03 Asturias, Principado de;Hombres;De 55 a 59 años;10
Total Nacional;03 Asturias, Principado de;Hombres;De 60 a 64 años;5
Total Nacional;03 Asturias, Principado de;Hombres;De 65 a 69 años;5
Total Nacional;03 Asturias, Principado de;Hombres;De 70 a 74 años;8
Total Nacional;03 Asturias, Principado de;Hombres;De 75 a 79 años;11
Total Nacional;03 Asturias, Principado de;Hombres;De 80 a 84 años;6
Total Nacional;03 Asturias, Principado de;Hombres;De 85 a 89 años;11
Total Nacional;03 Asturias, Principado de;Hombres;De 90 a 94 años;2
Total Nacional;03 Asturias, Principado de;Hombres;De 95 años y más;1
Total Nacional;03 Asturias, Principado de;Mujeres;Todas las edades;41
Total Nacional;03 Asturias, Principado de;Mujeres;Menores de 15 años;0
Total Nacional;03 Asturias, Principado de;Mujeres;De 15 a 29 años;3
Total Nacional;03 Asturias, Principado de;Mujeres;De 30 a 39 años;9
Total Nacional;03 Asturias, Principado de;Mujeres;De 40 a 44 años;3
Total Nacional;03 Asturias, Principado de;Mujeres;De 45 a 49 años;0
Total Nacional;03 Asturias, Principado de;Mujeres;De 50 a 54 años;2
Total Nacional;03 Asturias, Principado de;Mujeres;De 55 a 59 años;4
Total Nacional;03 Asturias, Principado de;Mujeres;De 60 a 64 años;3
Total Nacional;03 Asturias, Principado de;Mujeres;De 65 a 69 años;4
Total Nacional;03 Asturias, Principado de;Mujeres;De 70 a 74 años;1
Total Nacional;03 Asturias, Principado de;Mujeres;De 75 a 79 años;0
Total Nacional;03 Asturias, Principado de;Mujeres;De 80 a 84 años;4
Total Nacional;03 Asturias, Principado de;Mujeres;De 85 a 89 años;4
Total Nacional;03 Asturias, Principado de;Mujeres;De 90 a 94 años;4
Total Nacional;03 Asturias, Principado de;Mujeres;De 95 años y más;0
Total Nacional;04 Balears, Illes;Ambos sexos;Todas las edades;97
Total Nacional;04 Balears, Illes;Ambos sexos;Menores de 15 años;1
Total Nacional;04 Balears, Illes;Ambos sexos;De 15 a 29 años;6
Total Nacional;04 Balears, Illes;Ambos sexos;De 30 a 39 años;18
Total Nacional;04 Balears, Illes;Ambos sexos;De 40 a 44 años;8
Total Nacional;04 Balears, Illes;Ambos sexos;De 45 a 49 años;13
Total Nacional;04 Balears, Illes;Ambos sexos;De 50 a 54 años;11
Total Nacional;04 Balears, Illes;Ambos sexos;De 55 a 59 años;8
Total Nacional;04 Balears, Illes;Ambos sexos;De 60 a 64 años;8
Total Nacional;04 Balears, Illes;Ambos sexos;De 65 a 69 años;7
Total Nacional;04 Balears, Illes;Ambos sexos;De 70 a 74 años;3
Total Nacional;04 Balears, Illes;Ambos sexos;De 75 a 79 años;3
Total Nacional;04 Balears, Illes;Ambos sexos;De 80 a 84 años;3
Total Nacional;04 Balears, Illes;Ambos sexos;De 85 a 89 años;4
Total Nacional;04 Balears, Illes;Ambos sexos;De 90 a 94 años;3
Total Nacional;04 Balears, Illes;Ambos sexos;De 95 años y más;1
Total Nacional;04 Balears, Illes;Hombres;Todas las edades;67
Total Nacional;04 Balears, Illes;Hombres;Menores de 15 años;0
Total Nacional;04 Balears, Illes;Hombres;De 15 a 29 años;4
Total Nacional;04 Balears, Illes;Hombres;De 30 a 39 años;14
Total Nacional;04 Balears, Illes;Hombres;De 40 a 44 años;6
Total Nacional;04 Balears, Illes;Hombres;De 45 a 49 años;7
Total Nacional;04 Balears, Illes;Hombres;De 50 a 54 años;9
Total Nacional;04 Balears, Illes;Hombres;De 55 a 59 años;6
Total Nacional;04 Balears, Illes;Hombres;De 60 a 64 años;5
Total Nacional;04 Balears, Illes;Hombres;De 65 a 69 años;3
Total Nacional;04 Balears, Illes;Hombres;De 70 a 74 años;3
Total Nacional;04 Balears, Illes;Hombres;De 75 a 79 años;1
Total Nacional;04 Balears, Illes;Hombres;De 80 a 84 años;2
Total Nacional;04 Balears, Illes;Hombres;De 85 a 89 años;3
Total Nacional;04 Balears, Illes;Hombres;De 90 a 94 años;3
Total Nacional;04 Balears, Illes;Hombres;De 95 años y más;1
Total Nacional;04 Balears, Illes;Mujeres;Todas las edades;30
Total Nacional;04 Balears, Illes;Mujeres;Menores de 15 años;1
Total Nacional;04 Balears, Illes;Mujeres;De 15 a 29 años;2
Total Nacional;04 Balears, Illes;Mujeres;De 30 a 39 años;4
Total Nacional;04 Balears, Illes;Mujeres;De 40 a 44 años;2
Total Nacional;04 Balears, Illes;Mujeres;De 45 a 49 años;6
Total Nacional;04 Balears, Illes;Mujeres;De 50 a 54 años;2
Total Nacional;04 Balears, Illes;Mujeres;De 55 a 59 años;2
Total Nacional;04 Balears, Illes;Mujeres;De 60 a 64 años;3
Total Nacional;04 Balears, Illes;Mujeres;De 65 a 69 años;4
Total Nacional;04 Balears, Illes;Mujeres;De 70 a 74 años;0
Total Nacional;04 Balears, Illes;Mujeres;De 75 a 79 años;2
Total Nacional;04 Balears, Illes;Mujeres;De 80 a 84 años;1
Total Nacional;04 Balears, Illes;Mujeres;De 85 a 89 años;1
Total Nacional;04 Balears, Illes;Mujeres;De 90 a 94 años;0
Total Nacional;04 Balears, Illes;Mujeres;De 95 años y más;0
Total Nacional;05 Canarias;Ambos sexos;Todas las edades;178
Total Nacional;05 Canarias;Ambos sexos;Menores de 15 años;1
Total Nacional;05 Canarias;Ambos sexos;De 15 a 29 años;10
Total Nacional;05 Canarias;Ambos sexos;De 30 a 39 años;28
Total Nacional;05 Canarias;Ambos sexos;De 40 a 44 años;17
Total Nacional;05 Canarias;Ambos sexos;De 45 a 49 años;32
Total Nacional;05 Canarias;Ambos sexos;De 50 a 54 años;23
Total Nacional;05 Canarias;Ambos sexos;De 55 a 59 años;14
Total Nacional;05 Canarias;Ambos sexos;De 60 a 64 años;10
Total Nacional;05 Canarias;Ambos sexos;De 65 a 69 años;11
Total Nacional;05 Canarias;Ambos sexos;De 70 a 74 años;6
Total Nacional;05 Canarias;Ambos sexos;De 75 a 79 años;9
Total Nacional;05 Canarias;Ambos sexos;De 80 a 84 años;8
Total Nacional;05 Canarias;Ambos sexos;De 85 a 89 años;6
Total Nacional;05 Canarias;Ambos sexos;De 90 a 94 años;3
Total Nacional;05 Canarias;Ambos sexos;De 95 años y más;0
Total Nacional;05 Canarias;Hombres;Todas las edades;135
Total Nacional;05 Canarias;Hombres;Menores de 15 años;0
Total Nacional;05 Canarias;Hombres;De 15 a 29 años;8
Total Nacional;05 Canarias;Hombres;De 30 a 39 años;22
Total Nacional;05 Canarias;Hombres;De 40 a 44 años;14
Total Nacional;05 Canarias;Hombres;De 45 a 49 años;23
Total Nacional;05 Canarias;Hombres;De 50 a 54 años;18
Total Nacional;05 Canarias;Hombres;De 55 a 59 años;11
Total Nacional;05 Canarias;Hombres;De 60 a 64 años;6
Total Nacional;05 Canarias;Hombres;De 65 a 69 años;9
Total Nacional;05 Canarias;Hombres;De 70 a 74 años;4
Total Nacional;05 Canarias;Hombres;De 75 a 79 años;6
Total Nacional;05 Canarias;Hombres;De 80 a 84 años;7
Total Nacional;05 Canarias;Hombres;De 85 a 89 años;6
Total Nacional;05 Canarias;Hombres;De 90 a 94 años;1
Total Nacional;05 Canarias;Hombres;De 95 años y más;0
Total Nacional;05 Canarias;Mujeres;Todas las edades;43
Total Nacional;05 Canarias;Mujeres;Menores de 15 años;1
Total Nacional;05 Canarias;Mujeres;De 15 a 29 años;2
Total Nacional;05 Canarias;Mujeres;De 30 a 39 años;6
Total Nacional;05 Canarias;Mujeres;De 40 a 44 años;3
Total Nacional;05 Canarias;Mujeres;De 45 a 49 años;9
Total Nacional;05 Canarias;Mujeres;De 50 a 54 años;5
Total Nacional;05 Canarias;Mujeres;De 55 a 59 años;3
Total Nacional;05 Canarias;Mujeres;De 60 a 64 años;4
Total Nacional;05 Canarias;Mujeres;De 65 a 69 años;2
Total Nacional;05 Canarias;Mujeres;De 70 a 74 años;2
Total Nacional;05 Canarias;Mujeres;De 75 a 79 años;3
Total Nacional;05 Canarias;Mujeres;De 80 a 84 años;1
Total Nacional;05 Canarias;Mujeres;De 85 a 89 años;0
Total Nacional;05 Canarias;Mujeres;De 90 a 94 años;2
Total Nacional;05 Canarias;Mujeres;De 95 años y más;0
Total Nacional;06 Cantabria;Ambos sexos;Todas las edades;38
Total Nacional;06 Cantabria;Ambos sexos;Menores de 15 años;0
Total Nacional;06 Cantabria;Ambos sexos;De 15 a 29 años;3
Total Nacional;06 Cantabria;Ambos sexos;De 30 a 39 años;5
Total Nacional;06 Cantabria;Ambos sexos;De 40 a 44 años;2
Total Nacional;06 Cantabria;Ambos sexos;De 45 a 49 años;5
Total Nacional;06 Cantabria;Ambos sexos;De 50 a 54 años;6
Total Nacional;06 Cantabria;Ambos sexos;De 55 a 59 años;4
Total Nacional;06 Cantabria;Ambos sexos;De 60 a 64 años;3
Total Nacional;06 Cantabria;Ambos sexos;De 65 a 69 años;5
Total Nacional;06 Cantabria;Ambos sexos;De 70 a 74 años;3
Total Nacional;06 Cantabria;Ambos sexos;De 75 a 79 años;2
Total Nacional;06 Cantabria;Ambos sexos;De 80 a 84 años;0
Total Nacional;06 Cantabria;Ambos sexos;De 85 a 89 años;0
Total Nacional;06 Cantabria;Ambos sexos;De 90 a 94 años;0
Total Nacional;06 Cantabria;Ambos sexos;De 95 años y más;0
Total Nacional;06 Cantabria;Hombres;Todas las edades;28
Total Nacional;06 Cantabria;Hombres;Menores de 15 años;0
Total Nacional;06 Cantabria;Hombres;De 15 a 29 años;3
Total Nacional;06 Cantabria;Hombres;De 30 a 39 años;4
Total Nacional;06 Cantabria;Hombres;De 40 a 44 años;2
Total Nacional;06 Cantabria;Hombres;De 45 a 49 años;4
Total Nacional;06 Cantabria;Hombres;De 50 a 54 años;3
Total Nacional;06 Cantabria;Hombres;De 55 a 59 años;3
Total Nacional;06 Cantabria;Hombres;De 60 a 64 años;2
Total Nacional;06 Cantabria;Hombres;De 65 a 69 años;3
Total Nacional;06 Cantabria;Hombres;De 70 a 74 años;3
Total Nacional;06 Cantabria;Hombres;De 75 a 79 años;1
Total Nacional;06 Cantabria;Hombres;De 80 a 84 años;0
Total Nacional;06 Cantabria;Hombres;De 85 a 89 años;0
Total Nacional;06 Cantabria;Hombres;De 90 a 94 años;0
Total Nacional;06 Cantabria;Hombres;De 95 años y más;0
Total Nacional;06 Cantabria;Mujeres;Todas las edades;10
Total Nacional;06 Cantabria;Mujeres;Menores de 15 años;0
Total Nacional;06 Cantabria;Mujeres;De 15 a 29 años;0
Total Nacional;06 Cantabria;Mujeres;De 30 a 39 años;1
Total Nacional;06 Cantabria;Mujeres;De 40 a 44 años;0
Total Nacional;06 Cantabria;Mujeres;De 45 a 49 años;1
Total Nacional;06 Cantabria;Mujeres;De 50 a 54 años;3
Total Nacional;06 Cantabria;Mujeres;De 55 a 59 años;1
Total Nacional;06 Cantabria;Mujeres;De 60 a 64 años;1
Total Nacional;06 Cantabria;Mujeres;De 65 a 69 años;2
Total Nacional;06 Cantabria;Mujeres;De 70 a 74 años;0
Total Nacional;06 Cantabria;Mujeres;De 75 a 79 años;1
Total Nacional;06 Cantabria;Mujeres;De 80 a 84 años;0
Total Nacional;06 Cantabria;Mujeres;De 85 a 89 años;0
Total Nacional;06 Cantabria;Mujeres;De 90 a 94 años;0
Total Nacional;06 Cantabria;Mujeres;De 95 años y más;0
Total Nacional;07 Castilla y León;Ambos sexos;Todas las edades;240
Total Nacional;07 Castilla y León;Ambos sexos;Menores de 15 años;0
Total Nacional;07 Castilla y León;Ambos sexos;De 15 a 29 años;16
Total Nacional;07 Castilla y León;Ambos sexos;De 30 a 39 años;27
Total Nacional;07 Castilla y León;Ambos sexos;De 40 a 44 años;20
Total Nacional;07 Castilla y León;Ambos sexos;De 45 a 49 años;21
Total Nacional;07 Castilla y León;Ambos sexos;De 50 a 54 años;38
Total Nacional;07 Castilla y León;Ambos sexos;De 55 a 59 años;18
Total Nacional;07 Castilla y León;Ambos sexos;De 60 a 64 años;20
Total Nacional;07 Castilla y León;Ambos sexos;De 65 a 69 años;17
Total Nacional;07 Castilla y León;Ambos sexos;De 70 a 74 años;12
Total Nacional;07 Castilla y León;Ambos sexos;De 75 a 79 años;18
Total Nacional;07 Castilla y León;Ambos sexos;De 80 a 84 años;10
Total Nacional;07 Castilla y León;Ambos sexos;De 85 a 89 años;18
Total Nacional;07 Castilla y León;Ambos sexos;De 90 a 94 años;5
Total Nacional;07 Castilla y León;Ambos sexos;De 95 años y más;0
Total Nacional;07 Castilla y León;Hombres;Todas las edades;187
Total Nacional;07 Castilla y León;Hombres;Menores de 15 años;0
Total Nacional;07 Castilla y León;Hombres;De 15 a 29 años;11
Total Nacional;07 Castilla y León;Hombres;De 30 a 39 años;18
Total Nacional;07 Castilla y León;Hombres;De 40 a 44 años;17
Total Nacional;07 Castilla y León;Hombres;De 45 a 49 años;16
Total Nacional;07 Castilla y León;Hombres;De 50 a 54 años;30
Total Nacional;07 Castilla y León;Hombres;De 55 a 59 años;13
Total Nacional;07 Castilla y León;Hombres;De 60 a 64 años;15
Total Nacional;07 Castilla y León;Hombres;De 65 a 69 años;12
Total Nacional;07 Castilla y León;Hombres;De 70 a 74 años;9
Total Nacional;07 Castilla y León;Hombres;De 75 a 79 años;16
Total Nacional;07 Castilla y León;Hombres;De 80 a 84 años;10
Total Nacional;07 Castilla y León;Hombres;De 85 a 89 años;16
Total Nacional;07 Castilla y León;Hombres;De 90 a 94 años;4
Total Nacional;07 Castilla y León;Hombres;De 95 años y más;0
Total Nacional;07 Castilla y León;Mujeres;Todas las edades;53
Total Nacional;07 Castilla y León;Mujeres;Menores de 15 años;0
Total Nacional;07 Castilla y León;Mujeres;De 15 a 29 años;5
Total Nacional;07 Castilla y León;Mujeres;De 30 a 39 años;9
Total Nacional;07 Castilla y León;Mujeres;De 40 a 44 años;3
Total Nacional;07 Castilla y León;Mujeres;De 45 a 49 años;5
Total Nacional;07 Castilla y León;Mujeres;De 50 a 54 años;8
Total Nacional;07 Castilla y León;Mujeres;De 55 a 59 años;5
Total Nacional;07 Castilla y León;Mujeres;De 60 a 64 años;5
Total Nacional;07 Castilla y León;Mujeres;De 65 a 69 años;5
Total Nacional;07 Castilla y León;Mujeres;De 70 a 74 años;3
Total Nacional;07 Castilla y León;Mujeres;De 75 a 79 años;2
Total Nacional;07 Castilla y León;Mujeres;De 80 a 84 años;0
Total Nacional;07 Castilla y León;Mujeres;De 85 a 89 años;2
Total Nacional;07 Castilla y León;Mujeres;De 90 a 94 años;1
Total Nacional;07 Castilla y León;Mujeres;De 95 años y más;0
Total Nacional;08 Castilla - La Mancha;Ambos sexos;Todas las edades;190
Total Nacional;08 Castilla - La Mancha;Ambos sexos;Menores de 15 años;1
Total Nacional;08 Castilla - La Mancha;Ambos sexos;De 15 a 29 años;21
Total Nacional;08 Castilla - La Mancha;Ambos sexos;De 30 a 39 años;18
Total Nacional;08 Castilla - La Mancha;Ambos sexos;De 40 a 44 años;13
Total Nacional;08 Castilla - La Mancha;Ambos sexos;De 45 a 49 años;25
Total Nacional;08 Castilla - La Mancha;Ambos sexos;De 50 a 54 años;16
Total Nacional;08 Castilla - La Mancha;Ambos sexos;De 55 a 59 años;6
Total Nacional;08 Castilla - La Mancha;Ambos sexos;De 60 a 64 años;16
Total Nacional;08 Castilla - La Mancha;Ambos sexos;De 65 a 69 años;11
Total Nacional;08 Castilla - La Mancha;Ambos sexos;De 70 a 74 años;12
Total Nacional;08 Castilla - La Mancha;Ambos sexos;De 75 a 79 años;10
Total Nacional;08 Castilla - La Mancha;Ambos sexos;De 80 a 84 años;18
Total Nacional;08 Castilla - La Mancha;Ambos sexos;De 85 a 89 años;20
Total Nacional;08 Castilla - La Mancha;Ambos sexos;De 90 a 94 años;3
Total Nacional;08 Castilla - La Mancha;Ambos sexos;De 95 años y más;0
Total Nacional;08 Castilla - La Mancha;Hombres;Todas las edades;151
Total Nacional;08 Castilla - La Mancha;Hombres;Menores de 15 años;1
Total Nacional;08 Castilla - La Mancha;Hombres;De 15 a 29 años;13
Total Nacional;08 Castilla - La Mancha;Hombres;De 30 a 39 años;12
Total Nacional;08 Castilla - La Mancha;Hombres;De 40 a 44 años;12
Total Nacional;08 Castilla - La Mancha;Hombres;De 45 a 49 años;20
Total Nacional;08 Castilla - La Mancha;Hombres;De 50 a 54 años;12
Total Nacional;08 Castilla - La Mancha;Hombres;De 55 a 59 años;4
Total Nacional;08 Castilla - La Mancha;Hombres;De 60 a 64 años;14
Total Nacional;08 Castilla - La Mancha;Hombres;De 65 a 69 años;10
Total Nacional;08 Castilla - La Mancha;Hombres;De 70 a 74 años;7
Total Nacional;08 Castilla - La Mancha;Hombres;De 75 a 79 años;8
Total Nacional;08 Castilla - La Mancha;Hombres;De 80 a 84 años;17
Total Nacional;08 Castilla - La Mancha;Hombres;De 85 a 89 años;18
Total Nacional;08 Castilla - La Mancha;Hombres;De 90 a 94 años;3
Total Nacional;08 Castilla - La Mancha;Hombres;De 95 años y más;0
Total Nacional;08 Castilla - La Mancha;Mujeres;Todas las edades;39
Total Nacional;08 Castilla - La Mancha;Mujeres;Menores de 15 años;0
Total Nacional;08 Castilla - La Mancha;Mujeres;De 15 a 29 años;8
Total Nacional;08 Castilla - La Mancha;Mujeres;De 30 a 39 años;6
Total Nacional;08 Castilla - La Mancha;Mujeres;De 40 a 44 años;1
Total Nacional;08 Castilla - La Mancha;Mujeres;De 45 a 49 años;5
Total Nacional;08 Castilla - La Mancha;Mujeres;De 50 a 54 años;4
Total Nacional;08 Castilla - La Mancha;Mujeres;De 55 a 59 años;2
Total Nacional;08 Castilla - La Mancha;Mujeres;De 60 a 64 años;2
Total Nacional;08 Castilla - La Mancha;Mujeres;De 65 a 69 años;1
Total Nacional;08 Castilla - La Mancha;Mujeres;De 70 a 74 años;5
Total Nacional;08 Castilla - La Mancha;Mujeres;De 75 a 79 años;2
Total Nacional;08 Castilla - La Mancha;Mujeres;De 80 a 84 años;1
Total Nacional;08 Castilla - La Mancha;Mujeres;De 85 a 89 años;2
Total Nacional;08 Castilla - La Mancha;Mujeres;De 90 a 94 años;0
Total Nacional;08 Castilla - La Mancha;Mujeres;De 95 años y más;0
Total Nacional;09 Cataluña;Ambos sexos;Todas las edades;531
Total Nacional;09 Cataluña;Ambos sexos;Menores de 15 años;1
Total Nacional;09 Cataluña;Ambos sexos;De 15 a 29 años;46
Total Nacional;09 Cataluña;Ambos sexos;De 30 a 39 años;63
Total Nacional;09 Cataluña;Ambos sexos;De 40 a 44 años;51
Total Nacional;09 Cataluña;Ambos sexos;De 45 a 49 años;62
Total Nacional;09 Cataluña;Ambos sexos;De 50 a 54 años;52
Total Nacional;09 Cataluña;Ambos sexos;De 55 a 59 años;56
Total Nacional;09 Cataluña;Ambos sexos;De 60 a 64 años;33
Total Nacional;09 Cataluña;Ambos sexos;De 65 a 69 años;33
Total Nacional;09 Cataluña;Ambos sexos;De 70 a 74 años;31
Total Nacional;09 Cataluña;Ambos sexos;De 75 a 79 años;28
Total Nacional;09 Cataluña;Ambos sexos;De 80 a 84 años;31
Total Nacional;09 Cataluña;Ambos sexos;De 85 a 89 años;29
Total Nacional;09 Cataluña;Ambos sexos;De 90 a 94 años;11
Total Nacional;09 Cataluña;Ambos sexos;De 95 años y más;4
Total Nacional;09 Cataluña;Hombres;Todas las edades;393
Total Nacional;09 Cataluña;Hombres;Menores de 15 años;0
Total Nacional;09 Cataluña;Hombres;De 15 a 29 años;30
Total Nacional;09 Cataluña;Hombres;De 30 a 39 años;53
Total Nacional;09 Cataluña;Hombres;De 40 a 44 años;36
Total Nacional;09 Cataluña;Hombres;De 45 a 49 años;44
Total Nacional;09 Cataluña;Hombres;De 50 a 54 años;45
Total Nacional;09 Cataluña;Hombres;De 55 a 59 años;39
Total Nacional;09 Cataluña;Hombres;De 60 a 64 años;25
Total Nacional;09 Cataluña;Hombres;De 65 a 69 años;19
Total Nacional;09 Cataluña;Hombres;De 70 a 74 años;24
Total Nacional;09 Cataluña;Hombres;De 75 a 79 años;23
Total Nacional;09 Cataluña;Hombres;De 80 a 84 años;22
Total Nacional;09 Cataluña;Hombres;De 85 a 89 años;24
Total Nacional;09 Cataluña;Hombres;De 90 a 94 años;6
Total Nacional;09 Cataluña;Hombres;De 95 años y más;3
Total Nacional;09 Cataluña;Mujeres;Todas las edades;138
Total Nacional;09 Cataluña;Mujeres;Menores de 15 años;1
Total Nacional;09 Cataluña;Mujeres;De 15 a 29 años;16
Total Nacional;09 Cataluña;Mujeres;De 30 a 39 años;10
Total Nacional;09 Cataluña;Mujeres;De 40 a 44 años;15
Total Nacional;09 Cataluña;Mujeres;De 45 a 49 años;18
Total Nacional;09 Cataluña;Mujeres;De 50 a 54 años;7
Total Nacional;09 Cataluña;Mujeres;De 55 a 59 años;17
Total Nacional;09 Cataluña;Mujeres;De 60 a 64 años;8
Total Nacional;09 Cataluña;Mujeres;De 65 a 69 años;14
Total Nacional;09 Cataluña;Mujeres;De 70 a 74 años;7
Total Nacional;09 Cataluña;Mujeres;De 75 a 79 años;5
Total Nacional;09 Cataluña;Mujeres;De 80 a 84 años;9
Total Nacional;09 Cataluña;Mujeres;De 85 a 89 años;5
Total Nacional;09 Cataluña;Mujeres;De 90 a 94 años;5
Total Nacional;09 Cataluña;Mujeres;De 95 años y más;1
Total Nacional;10 Comunitat Valenciana;Ambos sexos;Todas las edades;380
Total Nacional;10 Comunitat Valenciana;Ambos sexos;Menores de 15 años;1
Total Nacional;10 Comunitat Valenciana;Ambos sexos;De 15 a 29 años;26
Total Nacional;10 Comunitat Valenciana;Ambos sexos;De 30 a 39 años;62
Total Nacional;10 Comunitat Valenciana;Ambos sexos;De 40 a 44 años;47
Total Nacional;10 Comunitat Valenciana;Ambos sexos;De 45 a 49 años;52
Total Nacional;10 Comunitat Valenciana;Ambos sexos;De 50 a 54 años;43
Total Nacional;10 Comunitat Valenciana;Ambos sexos;De 55 a 59 años;25
Total Nacional;10 Comunitat Valenciana;Ambos sexos;De 60 a 64 años;20
Total Nacional;10 Comunitat Valenciana;Ambos sexos;De 65 a 69 años;25
Total Nacional;10 Comunitat Valenciana;Ambos sexos;De 70 a 74 años;18
Total Nacional;10 Comunitat Valenciana;Ambos sexos;De 75 a 79 años;26
Total Nacional;10 Comunitat Valenciana;Ambos sexos;De 80 a 84 años;23
Total Nacional;10 Comunitat Valenciana;Ambos sexos;De 85 a 89 años;6
Total Nacional;10 Comunitat Valenciana;Ambos sexos;De 90 a 94 años;6
Total Nacional;10 Comunitat Valenciana;Ambos sexos;De 95 años y más;0
Total Nacional;10 Comunitat Valenciana;Hombres;Todas las edades;278
Total Nacional;10 Comunitat Valenciana;Hombres;Menores de 15 años;1
Total Nacional;10 Comunitat Valenciana;Hombres;De 15 a 29 años;24
Total Nacional;10 Comunitat Valenciana;Hombres;De 30 a 39 años;39
Total Nacional;10 Comunitat Valenciana;Hombres;De 40 a 44 años;37
Total Nacional;10 Comunitat Valenciana;Hombres;De 45 a 49 años;39
Total Nacional;10 Comunitat Valenciana;Hombres;De 50 a 54 años;31
Total Nacional;10 Comunitat Valenciana;Hombres;De 55 a 59 años;19
Total Nacional;10 Comunitat Valenciana;Hombres;De 60 a 64 años;13
Total Nacional;10 Comunitat Valenciana;Hombres;De 65 a 69 años;18
Total Nacional;10 Comunitat Valenciana;Hombres;De 70 a 74 años;12
Total Nacional;10 Comunitat Valenciana;Hombres;De 75 a 79 años;17
Total Nacional;10 Comunitat Valenciana;Hombres;De 80 a 84 años;19
Total Nacional;10 Comunitat Valenciana;Hombres;De 85 a 89 años;5
Total Nacional;10 Comunitat Valenciana;Hombres;De 90 a 94 años;4
Total Nacional;10 Comunitat Valenciana;Hombres;De 95 años y más;0
Total Nacional;10 Comunitat Valenciana;Mujeres;Todas las edades;102
Total Nacional;10 Comunitat Valenciana;Mujeres;Menores de 15 años;0
Total Nacional;10 Comunitat Valenciana;Mujeres;De 15 a 29 años;2
Total Nacional;10 Comunitat Valenciana;Mujeres;De 30 a 39 años;23
Total Nacional;10 Comunitat Valenciana;Mujeres;De 40 a 44 años;10
Total Nacional;10 Comunitat Valenciana;Mujeres;De 45 a 49 años;13
Total Nacional;10 Comunitat Valenciana;Mujeres;De 50 a 54 años;12
Total Nacional;10 Comunitat Valenciana;Mujeres;De 55 a 59 años;6
Total Nacional;10 Comunitat Valenciana;Mujeres;De 60 a 64 años;7
Total Nacional;10 Comunitat Valenciana;Mujeres;De 65 a 69 años;7
Total Nacional;10 Comunitat Valenciana;Mujeres;De 70 a 74 años;6
Total Nacional;10 Comunitat Valenciana;Mujeres;De 75 a 79 años;9
Total Nacional;10 Comunitat Valenciana;Mujeres;De 80 a 84 años;4
Total Nacional;10 Comunitat Valenciana;Mujeres;De 85 a 89 años;1
Total Nacional;10 Comunitat Valenciana;Mujeres;De 90 a 94 años;2
Total Nacional;10 Comunitat Valenciana;Mujeres;De 95 años y más;0
Total Nacional;11 Extremadura;Ambos sexos;Todas las edades;63
Total Nacional;11 Extremadura;Ambos sexos;Menores de 15 años;0
Total Nacional;11 Extremadura;Ambos sexos;De 15 a 29 años;6
Total Nacional;11 Extremadura;Ambos sexos;De 30 a 39 años;9
Total Nacional;11 Extremadura;Ambos sexos;De 40 a 44 años;6
Total Nacional;11 Extremadura;Ambos sexos;De 45 a 49 años;5
Total Nacional;11 Extremadura;Ambos sexos;De 50 a 54 años;9
Total Nacional;11 Extremadura;Ambos sexos;De 55 a 59 años;5
Total Nacional;11 Extremadura;Ambos sexos;De 60 a 64 años;4
Total Nacional;11 Extremadura;Ambos sexos;De 65 a 69 años;5
Total Nacional;11 Extremadura;Ambos sexos;De 70 a 74 años;4
Total Nacional;11 Extremadura;Ambos sexos;De 75 a 79 años;5
Total Nacional;11 Extremadura;Ambos sexos;De 80 a 84 años;2
Total Nacional;11 Extremadura;Ambos sexos;De 85 a 89 años;2
Total Nacional;11 Extremadura;Ambos sexos;De 90 a 94 años;1
Total Nacional;11 Extremadura;Ambos sexos;De 95 años y más;0
Total Nacional;11 Extremadura;Hombres;Todas las edades;51
Total Nacional;11 Extremadura;Hombres;Menores de 15 años;0
Total Nacional;11 Extremadura;Hombres;De 15 a 29 años;4
Total Nacional;11 Extremadura;Hombres;De 30 a 39 años;7
Total Nacional;11 Extremadura;Hombres;De 40 a 44 años;5
Total Nacional;11 Extremadura;Hombres;De 45 a 49 años;4
Total Nacional;11 Extremadura;Hombres;De 50 a 54 años;7
Total Nacional;11 Extremadura;Hombres;De 55 a 59 años;5
Total Nacional;11 Extremadura;Hombres;De 60 a 64 años;3
Total Nacional;11 Extremadura;Hombres;De 65 a 69 años;4
Total Nacional;11 Extremadura;Hombres;De 70 a 74 años;3
Total Nacional;11 Extremadura;Hombres;De 75 a 79 años;5
Total Nacional;11 Extremadura;Hombres;De 80 a 84 años;2
Total Nacional;11 Extremadura;Hombres;De 85 a 89 años;1
Total Nacional;11 Extremadura;Hombres;De 90 a 94 años;1
Total Nacional;11 Extremadura;Hombres;De 95 años y más;0
Total Nacional;11 Extremadura;Mujeres;Todas las edades;12
Total Nacional;11 Extremadura;Mujeres;Menores de 15 años;0
Total Nacional;11 Extremadura;Mujeres;De 15 a 29 años;2
Total Nacional;11 Extremadura;Mujeres;De 30 a 39 años;2
Total Nacional;11 Extremadura;Mujeres;De 40 a 44 años;1
Total Nacional;11 Extremadura;Mujeres;De 45 a 49 años;1
Total Nacional;11 Extremadura;Mujeres;De 50 a 54 años;2
Total Nacional;11 Extremadura;Mujeres;De 55 a 59 años;0
Total Nacional;11 Extremadura;Mujeres;De 60 a 64 años;1
Total Nacional;11 Extremadura;Mujeres;De 65 a 69 años;1
Total Nacional;11 Extremadura;Mujeres;De 70 a 74 años;1
Total Nacional;11 Extremadura;Mujeres;De 75 a 79 años;0
Total Nacional;11 Extremadura;Mujeres;De 80 a 84 años;0
Total Nacional;11 Extremadura;Mujeres;De 85 a 89 años;1
Total Nacional;11 Extremadura;Mujeres;De 90 a 94 años;0
Total Nacional;11 Extremadura;Mujeres;De 95 años y más;0
Total Nacional;12 Galicia;Ambos sexos;Todas las edades;371
Total Nacional;12 Galicia;Ambos sexos;Menores de 15 años;0
Total Nacional;12 Galicia;Ambos sexos;De 15 a 29 años;24
Total Nacional;12 Galicia;Ambos sexos;De 30 a 39 años;45
Total Nacional;12 Galicia;Ambos sexos;De 40 a 44 años;35
Total Nacional;12 Galicia;Ambos sexos;De 45 a 49 años;33
Total Nacional;12 Galicia;Ambos sexos;De 50 a 54 años;36
Total Nacional;12 Galicia;Ambos sexos;De 55 a 59 años;30
Total Nacional;12 Galicia;Ambos sexos;De 60 a 64 años;19
Total Nacional;12 Galicia;Ambos sexos;De 65 a 69 años;36
Total Nacional;12 Galicia;Ambos sexos;De 70 a 74 años;23
Total Nacional;12 Galicia;Ambos sexos;De 75 a 79 años;29
Total Nacional;12 Galicia;Ambos sexos;De 80 a 84 años;35
Total Nacional;12 Galicia;Ambos sexos;De 85 a 89 años;20
Total Nacional;12 Galicia;Ambos sexos;De 90 a 94 años;6
Total Nacional;12 Galicia;Ambos sexos;De 95 años y más;0
Total Nacional;12 Galicia;Hombres;Todas las edades;279
Total Nacional;12 Galicia;Hombres;Menores de 15 años;0
Total Nacional;12 Galicia;Hombres;De 15 a 29 años;19
Total Nacional;12 Galicia;Hombres;De 30 a 39 años;34
Total Nacional;12 Galicia;Hombres;De 40 a 44 años;28
Total Nacional;12 Galicia;Hombres;De 45 a 49 años;24
Total Nacional;12 Galicia;Hombres;De 50 a 54 años;28
Total Nacional;12 Galicia;Hombres;De 55 a 59 años;24
Total Nacional;12 Galicia;Hombres;De 60 a 64 años;14
Total Nacional;12 Galicia;Hombres;De 65 a 69 años;24
Total Nacional;12 Galicia;Hombres;De 70 a 74 años;17
Total Nacional;12 Galicia;Hombres;De 75 a 79 años;23
Total Nacional;12 Galicia;Hombres;De 80 a 84 años;27
Total Nacional;12 Galicia;Hombres;De 85 a 89 años;13
Total Nacional;12 Galicia;Hombres;De 90 a 94 años;4
Total Nacional;12 Galicia;Hombres;De 95 años y más;0
Total Nacional;12 Galicia;Mujeres;Todas las edades;92
Total Nacional;12 Galicia;Mujeres;Menores de 15 años;0
Total Nacional;12 Galicia;Mujeres;De 15 a 29 años;5
Total Nacional;12 Galicia;Mujeres;De 30 a 39 años;11
Total Nacional;12 Galicia;Mujeres;De 40 a 44 años;7
Total Nacional;12 Galicia;Mujeres;De 45 a 49 años;9
Total Nacional;12 Galicia;Mujeres;De 50 a 54 años;8
Total Nacional;12 Galicia;Mujeres;De 55 a 59 años;6
Total Nacional;12 Galicia;Mujeres;De 60 a 64 años;5
Total Nacional;12 Galicia;Mujeres;De 65 a 69 años;12
Total Nacional;12 Galicia;Mujeres;De 70 a 74 años;6
Total Nacional;12 Galicia;Mujeres;De 75 a 79 años;6
Total Nacional;12 Galicia;Mujeres;De 80 a 84 años;8
Total Nacional;12 Galicia;Mujeres;De 85 a 89 años;7
Total Nacional;12 Galicia;Mujeres;De 90 a 94 años;2
Total Nacional;12 Galicia;Mujeres;De 95 años y más;0
Total Nacional;13 Madrid, Comunidad de;Ambos sexos;Todas las edades;345
Total Nacional;13 Madrid, Comunidad de;Ambos sexos;Menores de 15 años;2
Total Nacional;13 Madrid, Comunidad de;Ambos sexos;De 15 a 29 años;39
Total Nacional;13 Madrid, Comunidad de;Ambos sexos;De 30 a 39 años;55
Total Nacional;13 Madrid, Comunidad de;Ambos sexos;De 40 a 44 años;47
Total Nacional;13 Madrid, Comunidad de;Ambos sexos;De 45 a 49 años;45
Total Nacional;13 Madrid, Comunidad de;Ambos sexos;De 50 a 54 años;28
Total Nacional;13 Madrid, Comunidad de;Ambos sexos;De 55 a 59 años;21
Total Nacional;13 Madrid, Comunidad de;Ambos sexos;De 60 a 64 años;29
Total Nacional;13 Madrid, Comunidad de;Ambos sexos;De 65 a 69 años;14
Total Nacional;13 Madrid, Comunidad de;Ambos sexos;De 70 a 74 años;17
Total Nacional;13 Madrid, Comunidad de;Ambos sexos;De 75 a 79 años;12
Total Nacional;13 Madrid, Comunidad de;Ambos sexos;De 80 a 84 años;18
Total Nacional;13 Madrid, Comunidad de;Ambos sexos;De 85 a 89 años;9
Total Nacional;13 Madrid, Comunidad de;Ambos sexos;De 90 a 94 años;9
Total Nacional;13 Madrid, Comunidad de;Ambos sexos;De 95 años y más;0
Total Nacional;13 Madrid, Comunidad de;Hombres;Todas las edades;246
Total Nacional;13 Madrid, Comunidad de;Hombres;Menores de 15 años;1
Total Nacional;13 Madrid, Comunidad de;Hombres;De 15 a 29 años;25
Total Nacional;13 Madrid, Comunidad de;Hombres;De 30 a 39 años;40
Total Nacional;13 Madrid, Comunidad de;Hombres;De 40 a 44 años;29
Total Nacional;13 Madrid, Comunidad de;Hombres;De 45 a 49 años;37
Total Nacional;13 Madrid, Comunidad de;Hombres;De 50 a 54 años;21
Total Nacional;13 Madrid, Comunidad de;Hombres;De 55 a 59 años;14
Total Nacional;13 Madrid, Comunidad de;Hombres;De 60 a 64 años;21
Total Nacional;13 Madrid, Comunidad de;Hombres;De 65 a 69 años;11
Total Nacional;13 Madrid, Comunidad de;Hombres;De 70 a 74 años;12
Total Nacional;13 Madrid, Comunidad de;Hombres;De 75 a 79 años;10
Total Nacional;13 Madrid, Comunidad de;Hombres;De 80 a 84 años;12
Total Nacional;13 Madrid, Comunidad de;Hombres;De 85 a 89 años;5
Total Nacional;13 Madrid, Comunidad de;Hombres;De 90 a 94 años;8
Total Nacional;13 Madrid, Comunidad de;Hombres;De 95 años y más;0
Total Nacional;13 Madrid, Comunidad de;Mujeres;Todas las edades;99
Total Nacional;13 Madrid, Comunidad de;Mujeres;Menores de 15 años;1
Total Nacional;13 Madrid, Comunidad de;Mujeres;De 15 a 29 años;14
Total Nacional;13 Madrid, Comunidad de;Mujeres;De 30 a 39 años;15
Total Nacional;13 Madrid, Comunidad de;Mujeres;De 40 a 44 años;18
Total Nacional;13 Madrid, Comunidad de;Mujeres;De 45 a 49 años;8
Total Nacional;13 Madrid, Comunidad de;Mujeres;De 50 a 54 años;7
Total Nacional;13 Madrid, Comunidad de;Mujeres;De 55 a 59 años;7
Total Nacional;13 Madrid, Comunidad de;Mujeres;De 60 a 64 años;8
Total Nacional;13 Madrid, Comunidad de;Mujeres;De 65 a 69 años;3
Total Nacional;13 Madrid, Comunidad de;Mujeres;De 70 a 74 años;5
Total Nacional;13 Madrid, Comunidad de;Mujeres;De 75 a 79 años;2
Total Nacional;13 Madrid, Comunidad de;Mujeres;De 80 a 84 años;6
Total Nacional;13 Madrid, Comunidad de;Mujeres;De 85 a 89 años;4
Total Nacional;13 Madrid, Comunidad de;Mujeres;De 90 a 94 años;1
Total Nacional;13 Madrid, Comunidad de;Mujeres;De 95 años y más;0
Total Nacional;14 Murcia, Región de;Ambos sexos;Todas las edades;106
Total Nacional;14 Murcia, Región de;Ambos sexos;Menores de 15 años;1
Total Nacional;14 Murcia, Región de;Ambos sexos;De 15 a 29 años;11
Total Nacional;14 Murcia, Región de;Ambos sexos;De 30 a 39 años;16
Total Nacional;14 Murcia, Región de;Ambos sexos;De 40 a 44 años;15
Total Nacional;14 Murcia, Región de;Ambos sexos;De 45 a 49 años;8
Total Nacional;14 Murcia, Región de;Ambos sexos;De 50 a 54 años;9
Total Nacional;14 Murcia, Región de;Ambos sexos;De 55 a 59 años;7
Total Nacional;14 Murcia, Región de;Ambos sexos;De 60 a 64 años;12
Total Nacional;14 Murcia, Región de;Ambos sexos;De 65 a 69 años;11
Total Nacional;14 Murcia, Región de;Ambos sexos;De 70 a 74 años;7
Total Nacional;14 Murcia, Región de;Ambos sexos;De 75 a 79 años;2
Total Nacional;14 Murcia, Región de;Ambos sexos;De 80 a 84 años;2
Total Nacional;14 Murcia, Región de;Ambos sexos;De 85 a 89 años;4
Total Nacional;14 Murcia, Región de;Ambos sexos;De 90 a 94 años;1
Total Nacional;14 Murcia, Región de;Ambos sexos;De 95 años y más;0
Total Nacional;14 Murcia, Región de;Hombres;Todas las edades;71
Total Nacional;14 Murcia, Región de;Hombres;Menores de 15 años;0
Total Nacional;14 Murcia, Región de;Hombres;De 15 a 29 años;9
Total Nacional;14 Murcia, Región de;Hombres;De 30 a 39 años;12
Total Nacional;14 Murcia, Región de;Hombres;De 40 a 44 años;11
Total Nacional;14 Murcia, Región de;Hombres;De 45 a 49 años;6
Total Nacional;14 Murcia, Región de;Hombres;De 50 a 54 años;6
Total Nacional;14 Murcia, Región de;Hombres;De 55 a 59 años;6
Total Nacional;14 Murcia, Región de;Hombres;De 60 a 64 años;4
Total Nacional;14 Murcia, Región de;Hombres;De 65 a 69 años;7
Total Nacional;14 Murcia, Región de;Hombres;De 70 a 74 años;4
Total Nacional;14 Murcia, Región de;Hombres;De 75 a 79 años;1
Total Nacional;14 Murcia, Región de;Hombres;De 80 a 84 años;2
Total Nacional;14 Murcia, Región de;Hombres;De 85 a 89 años;2
Total Nacional;14 Murcia, Región de;Hombres;De 90 a 94 años;1
Total Nacional;14 Murcia, Región de;Hombres;De 95 años y más;0
Total Nacional;14 Murcia, Región de;Mujeres;Todas las edades;35
Total Nacional;14 Murcia, Región de;Mujeres;Menores de 15 años;1
Total Nacional;14 Murcia, Región de;Mujeres;De 15 a 29 años;2
Total Nacional;14 Murcia, Región de;Mujeres;De 30 a 39 años;4
Total Nacional;14 Murcia, Región de;Mujeres;De 40 a 44 años;4
Total Nacional;14 Murcia, Región de;Mujeres;De 45 a 49 años;2
Total Nacional;14 Murcia, Región de;Mujeres;De 50 a 54 años;3
Total Nacional;14 Murcia, Región de;Mujeres;De 55 a 59 años;1
Total Nacional;14 Murcia, Región de;Mujeres;De 60 a 64 años;8
Total Nacional;14 Murcia, Región de;Mujeres;De 65 a 69 años;4
Total Nacional;14 Murcia, Región de;Mujeres;De 70 a 74 años;3
Total Nacional;14 Murcia, Región de;Mujeres;De 75 a 79 años;1
Total Nacional;14 Murcia, Región de;Mujeres;De 80 a 84 años;0
Total Nacional;14 Murcia, Región de;Mujeres;De 85 a 89 años;2
Total Nacional;14 Murcia, Región de;Mujeres;De 90 a 94 años;0
Total Nacional;14 Murcia, Región de;Mujeres;De 95 años y más;0
Total Nacional;15 Navarra, Comunidad Foral de;Ambos sexos;Todas las edades;47
Total Nacional;15 Navarra, Comunidad Foral de;Ambos sexos;Menores de 15 años;0
Total Nacional;15 Navarra, Comunidad Foral de;Ambos sexos;De 15 a 29 años;1
Total Nacional;15 Navarra, Comunidad Foral de;Ambos sexos;De 30 a 39 años;5
Total Nacional;15 Navarra, Comunidad Foral de;Ambos sexos;De 40 a 44 años;4
Total Nacional;15 Navarra, Comunidad Foral de;Ambos sexos;De 45 a 49 años;7
Total Nacional;15 Navarra, Comunidad Foral de;Ambos sexos;De 50 a 54 años;9
Total Nacional;15 Navarra, Comunidad Foral de;Ambos sexos;De 55 a 59 años;2
Total Nacional;15 Navarra, Comunidad Foral de;Ambos sexos;De 60 a 64 años;2
Total Nacional;15 Navarra, Comunidad Foral de;Ambos sexos;De 65 a 69 años;5
Total Nacional;15 Navarra, Comunidad Foral de;Ambos sexos;De 70 a 74 años;5
Total Nacional;15 Navarra, Comunidad Foral de;Ambos sexos;De 75 a 79 años;5
Total Nacional;15 Navarra, Comunidad Foral de;Ambos sexos;De 80 a 84 años;0
Total Nacional;15 Navarra, Comunidad Foral de;Ambos sexos;De 85 a 89 años;2
Total Nacional;15 Navarra, Comunidad Foral de;Ambos sexos;De 90 a 94 años;0
Total Nacional;15 Navarra, Comunidad Foral de;Ambos sexos;De 95 años y más;0
Total Nacional;15 Navarra, Comunidad Foral de;Hombres;Todas las edades;38
Total Nacional;15 Navarra, Comunidad Foral de;Hombres;Menores de 15 años;0
Total Nacional;15 Navarra, Comunidad Foral de;Hombres;De 15 a 29 años;1
Total Nacional;15 Navarra, Comunidad Foral de;Hombres;De 30 a 39 años;5
Total Nacional;15 Navarra, Comunidad Foral de;Hombres;De 40 a 44 años;3
Total Nacional;15 Navarra, Comunidad Foral de;Hombres;De 45 a 49 años;6
Total Nacional;15 Navarra, Comunidad Foral de;Hombres;De 50 a 54 años;7
Total Nacional;15 Navarra, Comunidad Foral de;Hombres;De 55 a 59 años;2
Total Nacional;15 Navarra, Comunidad Foral de;Hombres;De 60 a 64 años;1
Total Nacional;15 Navarra, Comunidad Foral de;Hombres;De 65 a 69 años;4
Total Nacional;15 Navarra, Comunidad Foral de;Hombres;De 70 a 74 años;3
Total Nacional;15 Navarra, Comunidad Foral de;Hombres;De 75 a 79 años;4
Total Nacional;15 Navarra, Comunidad Foral de;Hombres;De 80 a 84 años;0
Total Nacional;15 Navarra, Comunidad Foral de;Hombres;De 85 a 89 años;2
Total Nacional;15 Navarra, Comunidad Foral de;Hombres;De 90 a 94 años;0
Total Nacional;15 Navarra, Comunidad Foral de;Hombres;De 95 años y más;0
Total Nacional;15 Navarra, Comunidad Foral de;Mujeres;Todas las edades;9
Total Nacional;15 Navarra, Comunidad Foral de;Mujeres;Menores de 15 años;0
Total Nacional;15 Navarra, Comunidad Foral de;Mujeres;De 15 a 29 años;0
Total Nacional;15 Navarra, Comunidad Foral de;Mujeres;De 30 a 39 años;0
Total Nacional;15 Navarra, Comunidad Foral de;Mujeres;De 40 a 44 años;1
Total Nacional;15 Navarra, Comunidad Foral de;Mujeres;De 45 a 49 años;1
Total Nacional;15 Navarra, Comunidad Foral de;Mujeres;De 50 a 54 años;2
Total Nacional;15 Navarra, Comunidad Foral de;Mujeres;De 55 a 59 años;0
Total Nacional;15 Navarra, Comunidad Foral de;Mujeres;De 60 a 64 años;1
Total Nacional;15 Navarra, Comunidad Foral de;Mujeres;De 65 a 69 años;1
Total Nacional;15 Navarra, Comunidad Foral de;Mujeres;De 70 a 74 años;2
Total Nacional;15 Navarra, Comunidad Foral de;Mujeres;De 75 a 79 años;1
Total Nacional;15 Navarra, Comunidad Foral de;Mujeres;De 80 a 84 años;0
Total Nacional;15 Navarra, Comunidad Foral de;Mujeres;De 85 a 89 años;0
Total Nacional;15 Navarra, Comunidad Foral de;Mujeres;De 90 a 94 años;0
Total Nacional;15 Navarra, Comunidad Foral de;Mujeres;De 95 años y más;0
Total Nacional;16 País Vasco;Ambos sexos;Todas las edades;186
Total Nacional;16 País Vasco;Ambos sexos;Menores de 15 años;0
Total Nacional;16 País Vasco;Ambos sexos;De 15 a 29 años;16
Total Nacional;16 País Vasco;Ambos sexos;De 30 a 39 años;21
Total Nacional;16 País Vasco;Ambos sexos;De 40 a 44 años;15
Total Nacional;16 País Vasco;Ambos sexos;De 45 a 49 años;25
Total Nacional;16 País Vasco;Ambos sexos;De 50 a 54 años;22
Total Nacional;16 País Vasco;Ambos sexos;De 55 a 59 años;10
Total Nacional;16 País Vasco;Ambos sexos;De 60 a 64 años;16
Total Nacional;16 País Vasco;Ambos sexos;De 65 a 69 años;10
Total Nacional;16 País Vasco;Ambos sexos;De 70 a 74 años;7
Total Nacional;16 País Vasco;Ambos sexos;De 75 a 79 años;17
Total Nacional;16 País Vasco;Ambos sexos;De 80 a 84 años;14
Total Nacional;16 País Vasco;Ambos sexos;De 85 a 89 años;11
Total Nacional;16 País Vasco;Ambos sexos;De 90 a 94 años;2
Total Nacional;16 País Vasco;Ambos sexos;De 95 años y más;0
Total Nacional;16 País Vasco;Hombres;Todas las edades;123
Total Nacional;16 País Vasco;Hombres;Menores de 15 años;0
Total Nacional;16 País Vasco;Hombres;De 15 a 29 años;11
Total Nacional;16 País Vasco;Hombres;De 30 a 39 años;13
Total Nacional;16 País Vasco;Hombres;De 40 a 44 años;10
Total Nacional;16 País Vasco;Hombres;De 45 a 49 años;17
Total Nacional;16 País Vasco;Hombres;De 50 a 54 años;15
Total Nacional;16 País Vasco;Hombres;De 55 a 59 años;8
Total Nacional;16 País Vasco;Hombres;De 60 a 64 años;12
Total Nacional;16 País Vasco;Hombres;De 65 a 69 años;6
Total Nacional;16 País Vasco;Hombres;De 70 a 74 años;5
Total Nacional;16 País Vasco;Hombres;De 75 a 79 años;8
Total Nacional;16 País Vasco;Hombres;De 80 a 84 años;9
Total Nacional;16 País Vasco;Hombres;De 85 a 89 años;8
Total Nacional;16 País Vasco;Hombres;De 90 a 94 años;1
Total Nacional;16 País Vasco;Hombres;De 95 años y más;0
Total Nacional;16 País Vasco;Mujeres;Todas las edades;63
Total Nacional;16 País Vasco;Mujeres;Menores de 15 años;0
Total Nacional;16 País Vasco;Mujeres;De 15 a 29 años;5
Total Nacional;16 País Vasco;Mujeres;De 30 a 39 años;8
Total Nacional;16 País Vasco;Mujeres;De 40 a 44 años;5
Total Nacional;16 País Vasco;Mujeres;De 45 a 49 años;8
Total Nacional;16 País Vasco;Mujeres;De 50 a 54 años;7
Total Nacional;16 País Vasco;Mujeres;De 55 a 59 años;2
Total Nacional;16 País Vasco;Mujeres;De 60 a 64 años;4
Total Nacional;16 País Vasco;Mujeres;De 65 a 69 años;4
Total Nacional;16 País Vasco;Mujeres;De 70 a 74 años;2
Total Nacional;16 País Vasco;Mujeres;De 75 a 79 años;9
Total Nacional;16 País Vasco;Mujeres;De 80 a 84 años;5
Total Nacional;16 País Vasco;Mujeres;De 85 a 89 años;3
Total Nacional;16 País Vasco;Mujeres;De 90 a 94 años;1
Total Nacional;16 País Vasco;Mujeres;De 95 años y más;0
Total Nacional;17 Rioja, La;Ambos sexos;Todas las edades;31
Total Nacional;17 Rioja, La;Ambos sexos;Menores de 15 años;0
Total Nacional;17 Rioja, La;Ambos sexos;De 15 a 29 años;3
Total Nacional;17 Rioja, La;Ambos sexos;De 30 a 39 años;3
Total Nacional;17 Rioja, La;Ambos sexos;De 40 a 44 años;6
Total Nacional;17 Rioja, La;Ambos sexos;De 45 a 49 años;3
Total Nacional;17 Rioja, La;Ambos sexos;De 50 a 54 años;4
Total Nacional;17 Rioja, La;Ambos sexos;De 55 a 59 años;2
Total Nacional;17 Rioja, La;Ambos sexos;De 60 a 64 años;1
Total Nacional;17 Rioja, La;Ambos sexos;De 65 a 69 años;1
Total Nacional;17 Rioja, La;Ambos sexos;De 70 a 74 años;3
Total Nacional;17 Rioja, La;Ambos sexos;De 75 a 79 años;3
Total Nacional;17 Rioja, La;Ambos sexos;De 80 a 84 años;1
Total Nacional;17 Rioja, La;Ambos sexos;De 85 a 89 años;0
Total Nacional;17 Rioja, La;Ambos sexos;De 90 a 94 años;1
Total Nacional;17 Rioja, La;Ambos sexos;De 95 años y más;0
Total Nacional;17 Rioja, La;Hombres;Todas las edades;27
Total Nacional;17 Rioja, La;Hombres;Menores de 15 años;0
Total Nacional;17 Rioja, La;Hombres;De 15 a 29 años;3
Total Nacional;17 Rioja, La;Hombres;De 30 a 39 años;3
Total Nacional;17 Rioja, La;Hombres;De 40 a 44 años;6
Total Nacional;17 Rioja, La;Hombres;De 45 a 49 años;1
Total Nacional;17 Rioja, La;Hombres;De 50 a 54 años;4
Total Nacional;17 Rioja, La;Hombres;De 55 a 59 años;2
Total Nacional;17 Rioja, La;Hombres;De 60 a 64 años;1
Total Nacional;17 Rioja, La;Hombres;De 65 a 69 años;1
Total Nacional;17 Rioja, La;Hombres;De 70 a 74 años;3
Total Nacional;17 Rioja, La;Hombres;De 75 a 79 años;1
Total Nacional;17 Rioja, La;Hombres;De 80 a 84 años;1
Total Nacional;17 Rioja, La;Hombres;De 85 a 89 años;0
Total Nacional;17 Rioja, La;Hombres;De 90 a 94 años;1
Total Nacional;17 Rioja, La;Hombres;De 95 años y más;0
Total Nacional;17 Rioja, La;Mujeres;Todas las edades;4
Total Nacional;17 Rioja, La;Mujeres;Menores de 15 años;0
Total Nacional;17 Rioja, La;Mujeres;De 15 a 29 años;0
Total Nacional;17 Rioja, La;Mujeres;De 30 a 39 años;0
Total Nacional;17 Rioja, La;Mujeres;De 40 a 44 años;0
Total Nacional;17 Rioja, La;Mujeres;De 45 a 49 años;2
Total Nacional;17 Rioja, La;Mujeres;De 50 a 54 años;0
Total Nacional;17 Rioja, La;Mujeres;De 55 a 59 años;0
Total Nacional;17 Rioja, La;Mujeres;De 60 a 64 años;0
Total Nacional;17 Rioja, La;Mujeres;De 65 a 69 años;0
Total Nacional;17 Rioja, La;Mujeres;De 70 a 74 años;0
Total Nacional;17 Rioja, La;Mujeres;De 75 a 79 años;2
Total Nacional;17 Rioja, La;Mujeres;De 80 a 84 años;0
Total Nacional;17 Rioja, La;Mujeres;De 85 a 89 años;0
Total Nacional;17 Rioja, La;Mujeres;De 90 a 94 años;0
Total Nacional;17 Rioja, La;Mujeres;De 95 años y más;0
Total Nacional;18 Ceuta;Ambos sexos;Todas las edades;6
Total Nacional;18 Ceuta;Ambos sexos;Menores de 15 años;0
Total Nacional;18 Ceuta;Ambos sexos;De 15 a 29 años;2
Total Nacional;18 Ceuta;Ambos sexos;De 30 a 39 años;0
Total Nacional;18 Ceuta;Ambos sexos;De 40 a 44 años;2
Total Nacional;18 Ceuta;Ambos sexos;De 45 a 49 años;2
Total Nacional;18 Ceuta;Ambos sexos;De 50 a 54 años;0
Total Nacional;18 Ceuta;Ambos sexos;De 55 a 59 años;0
Total Nacional;18 Ceuta;Ambos sexos;De 60 a 64 años;0
Total Nacional;18 Ceuta;Ambos sexos;De 65 a 69 años;0
Total Nacional;18 Ceuta;Ambos sexos;De 70 a 74 años;0
Total Nacional;18 Ceuta;Ambos sexos;De 75 a 79 años;0
Total Nacional;18 Ceuta;Ambos sexos;De 80 a 84 años;0
Total Nacional;18 Ceuta;Ambos sexos;De 85 a 89 años;0
Total Nacional;18 Ceuta;Ambos sexos;De 90 a 94 años;0
Total Nacional;18 Ceuta;Ambos sexos;De 95 años y más;0
Total Nacional;18 Ceuta;Hombres;Todas las edades;4
Total Nacional;18 Ceuta;Hombres;Menores de 15 años;0
Total Nacional;18 Ceuta;Hombres;De 15 a 29 años;2
Total Nacional;18 Ceuta;Hombres;De 30 a 39 años;0
Total Nacional;18 Ceuta;Hombres;De 40 a 44 años;2
Total Nacional;18 Ceuta;Hombres;De 45 a 49 años;0
Total Nacional;18 Ceuta;Hombres;De 50 a 54 años;0
Total Nacional;18 Ceuta;Hombres;De 55 a 59 años;0
Total Nacional;18 Ceuta;Hombres;De 60 a 64 años;0
Total Nacional;18 Ceuta;Hombres;De 65 a 69 años;0
Total Nacional;18 Ceuta;Hombres;De 70 a 74 años;0
Total Nacional;18 Ceuta;Hombres;De 75 a 79 años;0
Total Nacional;18 Ceuta;Hombres;De 80 a 84 años;0
Total Nacional;18 Ceuta;Hombres;De 85 a 89 años;0
Total Nacional;18 Ceuta;Hombres;De 90 a 94 años;0
Total Nacional;18 Ceuta;Hombres;De 95 años y más;0
Total Nacional;18 Ceuta;Mujeres;Todas las edades;2
Total Nacional;18 Ceuta;Mujeres;Menores de 15 años;0
Total Nacional;18 Ceuta;Mujeres;De 15 a 29 años;0
Total Nacional;18 Ceuta;Mujeres;De 30 a 39 años;0
Total Nacional;18 Ceuta;Mujeres;De 40 a 44 años;0
Total Nacional;18 Ceuta;Mujeres;De 45 a 49 años;2
Total Nacional;18 Ceuta;Mujeres;De 50 a 54 años;0
Total Nacional;18 Ceuta;Mujeres;De 55 a 59 años;0
Total Nacional;18 Ceuta;Mujeres;De 60 a 64 años;0
Total Nacional;18 Ceuta;Mujeres;De 65 a 69 años;0
Total Nacional;18 Ceuta;Mujeres;De 70 a 74 años;0
Total Nacional;18 Ceuta;Mujeres;De 75 a 79 años;0
Total Nacional;18 Ceuta;Mujeres;De 80 a 84 años;0
Total Nacional;18 Ceuta;Mujeres;De 85 a 89 años;0
Total Nacional;18 Ceuta;Mujeres;De 90 a 94 años;0
Total Nacional;18 Ceuta;Mujeres;De 95 años y más;0
Total Nacional;19 Melilla;Ambos sexos;Todas las edades;5
Total Nacional;19 Melilla;Ambos sexos;Menores de 15 años;0
Total Nacional;19 Melilla;Ambos sexos;De 15 a 29 años;0
Total Nacional;19 Melilla;Ambos sexos;De 30 a 39 años;1
Total Nacional;19 Melilla;Ambos sexos;De 40 a 44 años;1
Total Nacional;19 Melilla;Ambos sexos;De 45 a 49 años;0
Total Nacional;19 Melilla;Ambos sexos;De 50 a 54 años;1
Total Nacional;19 Melilla;Ambos sexos;De 55 a 59 años;1
Total Nacional;19 Melilla;Ambos sexos;De 60 a 64 años;0
Total Nacional;19 Melilla;Ambos sexos;De 65 a 69 años;1
Total Nacional;19 Melilla;Ambos sexos;De 70 a 74 años;0
Total Nacional;19 Melilla;Ambos sexos;De 75 a 79 años;0
Total Nacional;19 Melilla;Ambos sexos;De 80 a 84 años;0
Total Nacional;19 Melilla;Ambos sexos;De 85 a 89 años;0
Total Nacional;19 Melilla;Ambos sexos;De 90 a 94 años;0
Total Nacional;19 Melilla;Ambos sexos;De 95 años y más;0
Total Nacional;19 Melilla;Hombres;Todas las edades;5
Total Nacional;19 Melilla;Hombres;Menores de 15 años;0
Total Nacional;19 Melilla;Hombres;De 15 a 29 años;0
Total Nacional;19 Melilla;Hombres;De 30 a 39 años;1
Total Nacional;19 Melilla;Hombres;De 40 a 44 años;1
Total Nacional;19 Melilla;Hombres;De 45 a 49 años;0
Total Nacional;19 Melilla;Hombres;De 50 a 54 años;1
Total Nacional;19 Melilla;Hombres;De 55 a 59 años;1
Total Nacional;19 Melilla;Hombres;De 60 a 64 años;0
Total Nacional;19 Melilla;Hombres;De 65 a 69 años;1
Total Nacional;19 Melilla;Hombres;De 70 a 74 años;0
Total Nacional;19 Melilla;Hombres;De 75 a 79 años;0
Total Nacional;19 Melilla;Hombres;De 80 a 84 años;0
Total Nacional;19 Melilla;Hombres;De 85 a 89 años;0
Total Nacional;19 Melilla;Hombres;De 90 a 94 años;0
Total Nacional;19 Melilla;Hombres;De 95 años y más;0
Total Nacional;19 Melilla;Mujeres;Todas las edades;0
Total Nacional;19 Melilla;Mujeres;Menores de 15 años;0
Total Nacional;19 Melilla;Mujeres;De 15 a 29 años;0
Total Nacional;19 Melilla;Mujeres;De 30 a 39 años;0
Total Nacional;19 Melilla;Mujeres;De 40 a 44 años;0
Total Nacional;19 Melilla;Mujeres;De 45 a 49 años;0
Total Nacional;19 Melilla;Mujeres;De 50 a 54 años;0
Total Nacional;19 Melilla;Mujeres;De 55 a 59 años;0
Total Nacional;19 Melilla;Mujeres;De 60 a 64 años;0
Total Nacional;19 Melilla;Mujeres;De 65 a 69 años;0
Total Nacional;19 Melilla;Mujeres;De 70 a 74 años;0
Total Nacional;19 Melilla;Mujeres;De 75 a 79 años;0
Total Nacional;19 Melilla;Mujeres;De 80 a 84 años;0
Total Nacional;19 Melilla;Mujeres;De 85 a 89 años;0
Total Nacional;19 Melilla;Mujeres;De 90 a 94 años;0
Total Nacional;19 Melilla;Mujeres;De 95 años y más;0
Extranjero;;Ambos sexos;Todas las edades;47
Extranjero;;Ambos sexos;Menores de 15 años;0
Extranjero;;Ambos sexos;De 15 a 29 años;14
Extranjero;;Ambos sexos;De 30 a 39 años;5
Extranjero;;Ambos sexos;De 40 a 44 años;2
Extranjero;;Ambos sexos;De 45 a 49 años;8
Extranjero;;Ambos sexos;De 50 a 54 años;2
Extranjero;;Ambos sexos;De 55 a 59 años;7
Extranjero;;Ambos sexos;De 60 a 64 años;3
Extranjero;;Ambos sexos;De 65 a 69 años;4
Extranjero;;Ambos sexos;De 70 a 74 años;2
Extranjero;;Ambos sexos;De 75 a 79 años;0
Extranjero;;Ambos sexos;De 80 a 84 años;0
Extranjero;;Ambos sexos;De 85 a 89 años;0
Extranjero;;Ambos sexos;De 90 a 94 años;0
Extranjero;;Ambos sexos;De 95 años y más;0
Extranjero;;Hombres;Todas las edades;35
Extranjero;;Hombres;Menores de 15 años;0
Extranjero;;Hombres;De 15 a 29 años;12
Extranjero;;Hombres;De 30 a 39 años;4
Extranjero;;Hombres;De 40 a 44 años;2
Extranjero;;Hombres;De 45 a 49 años;7
Extranjero;;Hombres;De 50 a 54 años;0
Extranjero;;Hombres;De 55 a 59 años;3
Extranjero;;Hombres;De 60 a 64 años;2
Extranjero;;Hombres;De 65 a 69 años;4
Extranjero;;Hombres;De 70 a 74 años;1
Extranjero;;Hombres;De 75 a 79 años;0
Extranjero;;Hombres;De 80 a 84 años;0
Extranjero;;Hombres;De 85 a 89 años;0
Extranjero;;Hombres;De 90 a 94 años;0
Extranjero;;Hombres;De 95 años y más;0
Extranjero;;Mujeres;Todas las edades;12
Extranjero;;Mujeres;Menores de 15 años;0
Extranjero;;Mujeres;De 15 a 29 años;2
Extranjero;;Mujeres;De 30 a 39 años;1
Extranjero;;Mujeres;De 40 a 44 años;0
Extranjero;;Mujeres;De 45 a 49 años;1
Extranjero;;Mujeres;De 50 a 54 años;2
Extranjero;;Mujeres;De 55 a 59 años;4
Extranjero;;Mujeres;De 60 a 64 años;1
Extranjero;;Mujeres;De 65 a 69 años;0
Extranjero;;Mujeres;De 70 a 74 años;1
Extranjero;;Mujeres;De 75 a 79 años;0
Extranjero;;Mujeres;De 80 a 84 años;0
Extranjero;;Mujeres;De 85 a 89 años;0
Extranjero;;Mujeres;De 90 a 94 años;0
Extranjero;;Mujeres;De 95 años y más;0
